<?xml version="1.0" encoding="UTF-8" ?>
<!DOCTYPE mapper
  PUBLIC "-//mybatis.org//DTD Mapper 3.0//EN"
  "https://mybatis.org/dtd/mybatis-3-mapper.dtd">
<mapper namespace="org.zerock.mapper.BoardMapper">
  
  <select id="getList" 
  			resultType="org.zerock.domain.BoardVO">
  	 select * from tbl_board where bno > 0	order by bno desc
  </select>
  
  <insert id="insert">
  	insert into tbl_board(title,content,writer)
  	values(#{title}, #{content}, #{writer})
  </insert>
  
  <insert id="inserteSelectKey">
  	<selectKey keyProperty="bno" order="BEFORE"  resultType="long">
  		select max(bno+1) from tbl_board
  	</selectKey>
  	
  	insert into tbl_board(bno,title,content,writer)
  	values(#{bno},#{title}, #{content}, #{writer})
  </insert>
  
  <select id="read" resultType="org.zerock.domain.BoardVO">
  	select * from tbl_board where bno = #{bno} 
  </select>
  
  <delete id="delete">
  	delete from tbl_board where bno = #{bno}
  </delete>
  
  <update id="update">
  	update tbl_board set
  	title = #{title},
  	content = #{content},
  	writer = #{writer},
  	updatedate = current_timestamp
  	where bno = #{bno}
  </update>
  
  
  
  
  
  
  
  
  
  
  
  
  
  
  
</mapper>