<?xml version="1.0" encoding="UTF-8"?>
<beans xmlns="http://www.springframework.org/schema/beans"
	xmlns:xsi="http://www.w3.org/2001/XMLSchema-instance"
	xmlns:security="http://www.springframework.org/schema/security"
	xsi:schemaLocation="http://www.springframework.org/schema/security http://www.springframework.org/schema/security/spring-security.xsd
		http://www.springframework.org/schema/beans http://www.springframework.org/schema/beans/spring-beans.xsd">

	<bean id="customaccessDenied" class="org.zerock.security.CustomAccessDeniedHandler" /> 
	<bean id="cusotmLoginSuccess" class="org.zerock.security.CustomLlginSuccessHandler" />
	<!-- <bean id="customPasswordEncoder" class="org.zerock.security.CustomNoOpPasswordEncoder" /> -->
	<bean id="customUserDetailsService" 
		class="org.zerock.security.CustomUserDetailsService" />
	
	<bean id="bcryptPasswordEncoder" 
		class="org.springframework.security.crypto.bcrypt.BCryptPasswordEncoder" />
	
	
	<security:http auto-config="true" use-expressions="true">
		
		<!-- <security:csrf disabled="true"/> -->
		
		<security:intercept-url pattern="/sample/add"  access="permitAll"/>
		<security:intercept-url pattern="/sample/member"  access="hasRole('ROLE_MEMBER')"/>
		<security:intercept-url pattern="/sample/admin"  access="hasRole('ROLE_ADMIN')"/>
		
		<security:access-denied-handler ref="customaccessDenied" />
		<security:form-login login-page="/customLogin" 
		   authentication-success-handler-ref="cusotmLoginSuccess"/>
		
		<security:logout logout-url="/customLogout" invalidate-session="true" 
			delete-cookies="remember-me, JSESSIONID"/>
		
		<security:remember-me data-source-ref="dataSource" token-validity-seconds="604800"/>
		
	</security:http>
	
	<security:authentication-manager>
		<security:authentication-provider user-service-ref="customUserDetailsService">
			
			<security:password-encoder 
				ref = "bcryptPasswordEncoder" />
		</security:authentication-provider>
	</security:authentication-manager>
</beans>















